"Doxorubicin Hydrochloride",€184.11,images/toode2.png
Scallop,€78.48,images/toode3.png
"Medroxyprogesterone Acetate",€105.52,images/toode4.jpg
"Vicks DayQuil and Vicks NyQuil",€124.04,images/toode5.jpg
"good neighbor pharmacy childrens pain relief",€104.49,images/toode6.jpg
Bac,€72.84,images/toode7.jpg
"PediaCare Single Dose Fever Reducer",€194.91,images/toode8.jpg
"Desmopressin Acetate",€78.04,images/toode9.jpg
Ondansetron,€22.17,images/toode10.jpg
Spironolactone,€43.04,images/toode12.jpg
"katse ",22,images/toode7.jpg
